use paas;

truncate table ITEM;
truncate table MAKER;
truncate table USER_PROFILE;
truncate table USERS;
truncate table ROLE_FUNCTION;
truncate table STATUS;
truncate table ROLE;


INSERT INTO ROLE VALUES('0000000001', 'ユーザー', '0');
INSERT INTO ROLE VALUES('0000000002', '承認者', '0');
INSERT INTO ROLE VALUES('1000000001', 'システム管理者', '0');

INSERT INTO STATUS VALUES('00', '承認待ち');
INSERT INTO STATUS VALUES('01', '承認');
INSERT INTO STATUS VALUES('02', '否認');

INSERT INTO ROLE_FUNCTION VALUES('0000000001', 'FIDUSR01');
INSERT INTO ROLE_FUNCTION VALUES('0000000001', 'FIDUSR02');
INSERT INTO ROLE_FUNCTION VALUES('0000000001', 'FIDTOP01');
INSERT INTO ROLE_FUNCTION VALUES('0000000001', 'FIDORD01');
INSERT INTO ROLE_FUNCTION VALUES('0000000001', 'FIDORH01');

INSERT INTO ROLE_FUNCTION VALUES('0000000002', 'FIDUSR01');
INSERT INTO ROLE_FUNCTION VALUES('0000000002', 'FIDUSR02');
INSERT INTO ROLE_FUNCTION VALUES('0000000002', 'FIDTOP01');
INSERT INTO ROLE_FUNCTION VALUES('0000000002', 'FIDORD01');
INSERT INTO ROLE_FUNCTION VALUES('0000000002', 'FIDORH01');
INSERT INTO ROLE_FUNCTION VALUES('0000000002', 'FIDAPR01');

INSERT INTO ROLE_FUNCTION VALUES('1000000001', 'FIDUSR01');
INSERT INTO ROLE_FUNCTION VALUES('1000000001', 'FIDUSR02');
INSERT INTO ROLE_FUNCTION VALUES('1000000001', 'FIDTOP01');
INSERT INTO ROLE_FUNCTION VALUES('1000000001', 'FIDORD01');
INSERT INTO ROLE_FUNCTION VALUES('1000000001', 'FIDORH01');
INSERT INTO ROLE_FUNCTION VALUES('1000000001', 'FIDAPR01');

INSERT INTO USERS VALUES('manager', '32352e716c00aabe8a5d253b1d19de2f');
INSERT INTO USER_PROFILE VALUES('manager', 'manager@test.test', '承認', '太郎', '0000000002');

INSERT INTO MAKER VALUES('0000000BW4', 'Ｃｏｒｅｌ　Ｃｏｒｐ．', '0');
INSERT INTO MAKER VALUES('0000000CM1', 'コムチュア（株）', '0');
INSERT INTO MAKER VALUES('0000000DM4', 'ソースネクスト（株）', '0');
INSERT INTO MAKER VALUES('0000000EO1', '（有）イント', '0');
INSERT INTO MAKER VALUES('0000000FC2', '（株）ピーエスアイ', '0');
INSERT INTO MAKER VALUES('0000000FJ1', '富士通（株）', '0');
INSERT INTO MAKER VALUES('0000000HL1', '（株）ヒューリンクス', '0');
INSERT INTO MAKER VALUES('0000000IT9', 'インターネットテレフォン（株）', '0');
INSERT INTO MAKER VALUES('0000000JS1', '（株）ジャストシステム', '0');
INSERT INTO MAKER VALUES('0000000LJ1', 'ロータス（株）', '0');
INSERT INTO MAKER VALUES('0000000MS3', 'マイクロソフト（株）', '0');
INSERT INTO MAKER VALUES('0000000OK2', '応研（株）', '0');
INSERT INTO MAKER VALUES('0000000PP7', 'アップルコンピュータ（株）', '0');
INSERT INTO MAKER VALUES('0000000RN3', '（株）イーフロンティア', '0');
INSERT INTO MAKER VALUES('0000000VV1', 'スキャンソフト（株）', '0');

INSERT INTO ITEM VALUES('000000PP70500320', 'AppleWorks 6.2.7 英語版', '0000000PP7', 7920, '0');
INSERT INTO ITEM VALUES('000000PP70500560', 'AppleWorks 6.2.9', '0000000PP7', 7920, '0');
INSERT INTO ITEM VALUES('000000RN30782070', '大人のための右脳キッズ 記憶力編', '0000000RN3', 2964, '0');
INSERT INTO ITEM VALUES('000000RN30782080', '大人のための右脳キッズ 思考力編', '0000000RN3', 2964, '0');
INSERT INTO ITEM VALUES('000000RN30782110', '神林式脳力開発法 右脳キッズ4 スペシャルエディション', '0000000RN3', 4085, '0');
INSERT INTO ITEM VALUES('000000RN32002010', 'EIOffice 2004+ スタンダード', '0000000RN3', 12714, '0');
INSERT INTO ITEM VALUES('000000RN32002020', 'EIOffice 2004+ アカデミック', '0000000RN3', 7933, '0');
INSERT INTO ITEM VALUES('000000RN32002030', 'EIOffice 2004+ 乗換版', '0000000RN3', 7933, '0');
INSERT INTO ITEM VALUES('000000RN32002040', 'EIOffice 2004+ スタンダード 5年間フリーアップグレード付', '0000000RN3', 38695, '0');
INSERT INTO ITEM VALUES('000000RN32002050', 'EIOffice 2004+ 乗換版 5年間フリーアップグレード付', '0000000RN3', 20076, '0');
INSERT INTO ITEM VALUES('000000RN32002070', '*EIOffice お試しキャンペーンパッケージ (5000本限定)', '0000000RN3', 1440, '0');
INSERT INTO ITEM VALUES('000000RN36101100', 'デジタル法令&文例 株式会社 設立/定款', '0000000RN3', 4524, '0');
INSERT INTO ITEM VALUES('000000RN36101110', 'デジタル法令&文例株式会社役員変更/本店移転/支店設置/増減資/解散', '0000000RN3', 4524, '0');
INSERT INTO ITEM VALUES('000000RN36101120', 'デジタル法令&文例 有限会社 設立/定款変更', '0000000RN3', 4524, '0');
INSERT INTO ITEM VALUES('000000RN36101130', 'デジタル法令&文例 有限会社 役員変更/本店移転/増資/解散', '0000000RN3', 4524, '0');
INSERT INTO ITEM VALUES('000000RN36101140', 'デジタル法令&文例 有限/株式 組織変更/合併登記', '0000000RN3', 4524, '0');
INSERT INTO ITEM VALUES('000000RN36101150', 'デジタル法令&文例 会議議事録', '0000000RN3', 4524, '0');
INSERT INTO ITEM VALUES('000000RN36101160', 'デジタル法令&文例 就業規則・諸規定', '0000000RN3', 6084, '0');
INSERT INTO ITEM VALUES('000000RN36101170', 'デジタル法令&文例 不動産登記', '0000000RN3', 4524, '0');
INSERT INTO ITEM VALUES('000000RN36101180', 'デジタル法令&文例 内容証明書', '0000000RN3', 4524, '0');
INSERT INTO ITEM VALUES('000000IT90000019', 'EIOffice 2004+ ディスクキット', '0000000IT9', 1700, '0');
INSERT INTO ITEM VALUES('000000EO10021010', 'Web教室 基本セット', '0000000EO1', 85000, '0');
INSERT INTO ITEM VALUES('000000EO10022010', '体験!京都2 総合', '0000000EO1', 102000, '0');
INSERT INTO ITEM VALUES('000000OK23003948', 'キャンペーン公益大臣2006 スタンドアロン', '0000000OK2', 260000, '0');
INSERT INTO ITEM VALUES('000000BW48341040', 'WordPerfect Office X3 Standard 通常版 英語版', '0000000BW4', 33384, '0');
INSERT INTO ITEM VALUES('000000BW48341041', 'WordPerfect Office X3 Standard UPG 英語版', '0000000BW4', 17028, '0');
INSERT INTO ITEM VALUES('000000BW48341042', 'WordPerfect Office X3 Professional 通常版 ', '0000000BW4', 46644, '0');
INSERT INTO ITEM VALUES('000000BW48341043', 'WordPerfect Office X3 Professional UPG ', '0000000BW4', 28208, '0');
INSERT INTO ITEM VALUES('000000BW48341044', 'WordPerfect Office X3 AC 英語版', '0000000BW4', 12728, '0');
INSERT INTO ITEM VALUES('000000BW48341045', 'WordPerfect Office X3 Home Edition 英語版', '0000000BW4', 11544, '0');
INSERT INTO ITEM VALUES('000000CM10300010', 'CNAP DI 1.2 CPUライセンス', '0000000CM1', 2691000, '0');
INSERT INTO ITEM VALUES('000000JS1MJA10D0', 'Just Arks 作業ディスク', '0000000JS1', 3640, '0');
INSERT INTO ITEM VALUES('000000JS1MNT20D0', 'ネタの種 for Windows 作業ディスク CD-ROM', '0000000JS1', 1560, '0');
INSERT INTO ITEM VALUES('000000JS1MTF20D0', '三四郎2005 for Windows 作業ディスク CD-ROM', '0000000JS1', 1560, '0');
INSERT INTO ITEM VALUES('000000JS1MTF20M0', '三四郎2005 for Windows 別売マニュアル', '0000000JS1', 1560, '0');
INSERT INTO ITEM VALUES('000000VV10102020', 'PaperPort Professional 10 英語版', '0000000VV1', 17360, '0');
INSERT INTO ITEM VALUES('000000VV10102030', 'PaperPort 10 英語版', '0000000VV1', 8666, '0');
INSERT INTO ITEM VALUES('000000DM42422170', 'STARSUITE8 限定50000本 特別価格版', '0000000DM4', 3024, '0');
INSERT INTO ITEM VALUES('000000DM42422180', 'STARSUITE8 30000本限定ガイドブック収録特別パック', '0000000DM4', 3794, '0');
INSERT INTO ITEM VALUES('000000DM42422210', 'StarSuite 8 5PCパック 説明扉付き辞書ケース版', '0000000DM4', 7467, '0');
INSERT INTO ITEM VALUES('000000DM42761070', 'Lotus SuperOffice 説明扉付きスリムパッケージ', '0000000DM4', 2263, '0');
INSERT INTO ITEM VALUES('000000DM43041210', 'ビジネス応援 炎のスキルアップパック', '0000000DM4', 2263, '0');
INSERT INTO ITEM VALUES('000000DM43041220', 'ビジネス応援 炎のプレゼンパック', '0000000DM4', 2263, '0');
INSERT INTO ITEM VALUES('000000HL10017000', 'Crystal Studio V8 Standard Single User W', '0000000HL1', 167700, '0');
INSERT INTO ITEM VALUES('000000HL10017010', 'Crystal Studio V8 Standard Single User W', '0000000HL1', 151360, '0');
INSERT INTO ITEM VALUES('000000HL10017020', 'Crystal Studio V8 Professional Single Us', '0000000HL1', 215860, '0');
INSERT INTO ITEM VALUES('000000HL10017030', 'Crystal Studio V8 Professional Single Us', '0000000HL1', 184040, '0');
INSERT INTO ITEM VALUES('000000HL10017040', 'Crystal Studio V8 Enterprise Single User', '0000000HL1', 248540, '0');
INSERT INTO ITEM VALUES('000000HL10017050', 'Crystal Studio V8 Enterprise Single User', '0000000HL1', 215860, '0');
INSERT INTO ITEM VALUES('000000FC23000040', 'ThinkFree Office 3 ', '0000000FC2', 2893, '0');
INSERT INTO ITEM VALUES('000000FJ19133010', 'OASYS SuperOffice 2002', '0000000FJ1', 27200, '0');
INSERT INTO ITEM VALUES('000000FJ19134010', 'OASYS SuperOffice 2002 バージョンアップキット', '0000000FJ1', 11850, '0');
INSERT INTO ITEM VALUES('000000FJ1P726431', 'Microsoft(R) Office Personal Edition 20', '0000000FJ1', 21340, '0');
INSERT INTO ITEM VALUES('000000MS30100010', 'Office XP Standard', '0000000MS3', 40430, '0');
INSERT INTO ITEM VALUES('000000MS30101010', 'Office 2003 Standard', '0000000MS3', 40430, '0');
INSERT INTO ITEM VALUES('000000MS30101020', 'Office 2003 Standard バージョンアップ版', '0000000MS3', 21560, '0');
INSERT INTO ITEM VALUES('000000MS30101110', 'Office 2003 Standard 英語版', '0000000MS3', 41580, '0');
INSERT INTO ITEM VALUES('000000MS30101120', 'Office 2003 Standard バージョンアップ 英語版', '0000000MS3', 22180, '0');
INSERT INTO ITEM VALUES('000000MS30110020', 'Office XP Professional バージョンアップ版', '0000000MS3', 29100, '0');
INSERT INTO ITEM VALUES('000000MS30110030', 'Office XP Professional アカデミック版', '0000000MS3', 25230, '0');
INSERT INTO ITEM VALUES('000000MS30110220', 'Office 2003 Professional バージョンアップ 英語版', '0000000MS3', 31120, '0');
INSERT INTO ITEM VALUES('000000MS30111010', 'Office 2003 Professional', '0000000MS3', 45730, '0');
INSERT INTO ITEM VALUES('000000MS30111020', 'Office 2003 Professional バージョンアップ版', '0000000MS3', 29100, '0');
INSERT INTO ITEM VALUES('000000MS30111030', 'Office 2003 Professional アカデミック版', '0000000MS3', 25230, '0');
INSERT INTO ITEM VALUES('000000MS30111110', 'Office 2003 Professional 英語版', '0000000MS3', 48140, '0');
INSERT INTO ITEM VALUES('000000MS30130020', 'Office XP Personal バージョンアップ版', '0000000MS3', 16790, '0');
INSERT INTO ITEM VALUES('000000MS30131010', 'Office 2003 Personal', '0000000MS3', 34690, '0');
INSERT INTO ITEM VALUES('000000MS30131020', 'Office 2003 Personal バージョンアップ版', '0000000MS3', 16790, '0');
INSERT INTO ITEM VALUES('000000MS30131040', 'Office 2003 Personal アップグレード 特別優待 プロモーショ', '0000000MS3', 8750, '0');
INSERT INTO ITEM VALUES('000000MS30140020', 'Office XP Developer Version Upgrade', '0000000MS3', 38340, '0');
INSERT INTO ITEM VALUES('000000MS30140110', 'Office XP Developer 英語版', '0000000MS3', 74610, '0');
INSERT INTO ITEM VALUES('000000MS30140120', 'Office XP Developer Version Upgrade 英語版', '0000000MS3', 51230, '0');
INSERT INTO ITEM VALUES('000000MS30378010', 'Works 8.0', '0000000MS3', 6780, '0');
INSERT INTO ITEM VALUES('000000MS30378030', 'Works 8.0 はがきスタジオ2006 同梱版', '0000000MS3', 6780, '0');
INSERT INTO ITEM VALUES('000000MS30691050', 'Office 2001 for Mac Personal 優待アップグレード版', '0000000MS3', 19156, '0');
INSERT INTO ITEM VALUES('000000MS30692020', 'Office v.X for Mac Version Upgrade', '0000000MS3', 21560, '0');
INSERT INTO ITEM VALUES('000000MS30693010', 'Office 2004 For Mac', '0000000MS3', 38080, '0');
INSERT INTO ITEM VALUES('000000MS30693020', 'Office 2004 For Mac アップグレード版', '0000000MS3', 21560, '0');
INSERT INTO ITEM VALUES('000000MS30693030', 'Office 2004 For Mac アカデミック版', '0000000MS3', 18060, '0');
INSERT INTO ITEM VALUES('000000MS30693040', 'Office 2004 Professional For Mac', '0000000MS3', 45730, '0');
INSERT INTO ITEM VALUES('000000MS30693050', 'Office 2004 Professional For Mac アップグレード', '0000000MS3', 29100, '0');
INSERT INTO ITEM VALUES('000000MS30693110', 'Office 2004 For MAC 英語版', '0000000MS3', 38080, '0');
INSERT INTO ITEM VALUES('000000MS30693120', 'Office 2004 For MAC 英語版 アップグレード版', '0000000MS3', 21560, '0');
INSERT INTO ITEM VALUES('000000MS30693140', 'Office 2004 for Mac Professional', '0000000MS3', 45730, '0');
INSERT INTO ITEM VALUES('000000MS30693150', 'Office 2004 for Mac Professional アップグレード', '0000000MS3', 29100, '0');
INSERT INTO ITEM VALUES('000000MS30693240', 'Office 2004 for Mac Professional 英語版', '0000000MS3', 45730, '0');
INSERT INTO ITEM VALUES('000000MS30693250', 'Office 2004 for Mac Professional  アップグレ', '0000000MS3', 29100, '0');
INSERT INTO ITEM VALUES('000000MS31475010', 'Proofing Tools 2003 英語版', '0000000MS3', 7330, '0');
INSERT INTO ITEM VALUES('000000MS32920120', 'Office SBS Tools', '0000000MS3', 21150, '0');
INSERT INTO ITEM VALUES('000000MS34193060', 'Small Business Server 2000 5CAL', '0000000MS3', 30270, '0');
INSERT INTO ITEM VALUES('000000MS34193070', 'Small Business Server 2000 20CAL', '0000000MS3', 101330, '0');
INSERT INTO ITEM VALUES('000000MS34320010', 'Windows Small Business Server 2003+5CAL', '0000000MS3', 57720, '0');
INSERT INTO ITEM VALUES('000000MS34320020', 'Windows Small Business Server 2003+5CAL+', '0000000MS3', 65260, '0');
INSERT INTO ITEM VALUES('000000MS34320110', 'Windows Small Business Server 2003+5CAL', '0000000MS3', 57720, '0');
INSERT INTO ITEM VALUES('000000MS34321010', 'Windows Small Business Server 2003 SP1+5', '0000000MS3', 57720, '0');
INSERT INTO ITEM VALUES('000000MS34321110', 'Windows Small Business Server 2003 SP1+5', '0000000MS3', 57720, '0');
INSERT INTO ITEM VALUES('000000MS34330010', 'Windows Small Business Server Premium 20', '0000000MS3', 143990, '0');
INSERT INTO ITEM VALUES('000000MS34330030', 'Windows Small Business Server Premium 2', '0000000MS3', 57600, '0');
INSERT INTO ITEM VALUES('000000MS34330050', 'Windows Small Business Server Premium 2', '0000000MS3', 86980, '0');
INSERT INTO ITEM VALUES('000000MS34330110', 'Windows Small Business Server Premium 2', '0000000MS3', 143990, '0');
INSERT INTO ITEM VALUES('000000MS34330130', 'Windows Small Business Server Premium 2', '0000000MS3', 57600, '0');
INSERT INTO ITEM VALUES('000000MS34330150', 'Windows Small Business Server Premium 2', '0000000MS3', 86980, '0');
INSERT INTO ITEM VALUES('000000MS34331010', 'Windows Small Business Server Premium 20', '0000000MS3', 143990, '0');
INSERT INTO ITEM VALUES('000000MS34331030', 'Windows Small Business Server Premium 20', '0000000MS3', 57600, '0');
INSERT INTO ITEM VALUES('000000MS34331050', 'Windows Small Business Server Premium 20', '0000000MS3', 86980, '0');
INSERT INTO ITEM VALUES('000000MS34331110', 'Windows Small Business Server Premium 20', '0000000MS3', 143990, '0');
INSERT INTO ITEM VALUES('000000MS34331130', 'Windows Small Business Server Premium 20', '0000000MS3', 57600, '0');
INSERT INTO ITEM VALUES('000000MS34331150', 'Windows Small Business Server Premium 20', '0000000MS3', 86980, '0');
INSERT INTO ITEM VALUES('000000MS34340010', 'Windows Small Business Server 2003 デバイス5', '0000000MS3', 46610, '0');
INSERT INTO ITEM VALUES('000000MS34340020', 'Windows Small Business Server 2003 ユーザー5', '0000000MS3', 46610, '0');
INSERT INTO ITEM VALUES('000000MS34340030', 'Windows Small Business Server 2003 デバイス2', '0000000MS3', 186440, '0');
INSERT INTO ITEM VALUES('000000MS34340040', 'Windows Small Business Server 2003 ユーザー2', '0000000MS3', 186440, '0');
INSERT INTO ITEM VALUES('000000MS34340050', 'Windows Small Business Server 2003 D5CA', '0000000MS3', 18640, '0');
INSERT INTO ITEM VALUES('000000MS34340060', 'Windows Small Business Server 2003 U5CA', '0000000MS3', 18640, '0');
INSERT INTO ITEM VALUES('000000MS34340070', 'Windows Small Business Server 2003 D20C', '0000000MS3', 74560, '0');
INSERT INTO ITEM VALUES('000000MS34340080', 'Windows Small Business Server 2003 U20C', '0000000MS3', 74560, '0');
INSERT INTO ITEM VALUES('000000MS34340110', 'Windows Small Business Server 2003 デバイス', '0000000MS3', 46610, '0');
INSERT INTO ITEM VALUES('000000MS34340120', 'Windows Small Business Server 2003 ユーザー', '0000000MS3', 46610, '0');
INSERT INTO ITEM VALUES('000000MS34340130', 'Windows Small Business Server 2003 デバイス', '0000000MS3', 186440, '0');
INSERT INTO ITEM VALUES('000000MS34340140', 'Windows Small Business Server 2003 ユーザー', '0000000MS3', 186440, '0');
INSERT INTO ITEM VALUES('000000MS34340150', 'Windows Small Business Server 2003 D5CA', '0000000MS3', 18640, '0');
INSERT INTO ITEM VALUES('000000MS34340160', 'Windows Small Business Server 2003 U5CA', '0000000MS3', 18640, '0');
INSERT INTO ITEM VALUES('000000MS34340170', 'Windows Small Business Server 2003 D20C', '0000000MS3', 74560, '0');
INSERT INTO ITEM VALUES('000000MS34340180', 'Windows Small Business Server 2003 U20C', '0000000MS3', 74560, '0');
INSERT INTO ITEM VALUES('000000MS34350010', 'Windows Server for SB 2003+5CAL', '0000000MS3', 46230, '0');
INSERT INTO ITEM VALUES('000000MS34350020', 'Windows Server for SB 2003 デバイス5CAL', '0000000MS3', 36980, '0');
INSERT INTO ITEM VALUES('000000MS34350030', 'Windows Server for SB 2003 ユーザー5CAL', '0000000MS3', 36980, '0');
INSERT INTO ITEM VALUES('000000MS34350110', 'Windows Server for SB 2003+5CAL(E)', '0000000MS3', 46230, '0');
INSERT INTO ITEM VALUES('000000MS34350120', 'Windows Server for SB 2003+デバイス5CAL(E)', '0000000MS3', 36980, '0');
INSERT INTO ITEM VALUES('000000MS34350130', 'Windows Server for SB 2003+ユーザー5CAL(E)', '0000000MS3', 36980, '0');
INSERT INTO ITEM VALUES('000000MS34351010', 'Windows Server for SB SP1 2003+5CAL', '0000000MS3', 46230, '0');
INSERT INTO ITEM VALUES('000000MS34351110', 'Windows Server for SB 2003 SP1+5CAL(E)', '0000000MS3', 46230, '0');
INSERT INTO ITEM VALUES('000000MS34360010', 'Windows Small Business Server 2003+5CAL', '0000000MS3', 164220, '0');
INSERT INTO ITEM VALUES('000000MS34360020', 'Windows Small Business Server Premium 2', '0000000MS3', 365930, '0');
INSERT INTO ITEM VALUES('000000MS34360030', 'Windows Small Business Server 2003 Tran', '0000000MS3', 14280, '0');
INSERT INTO ITEM VALUES('000000MS34360040', 'Windows Small Business Server 2003 Tran', '0000000MS3', 14280, '0');
INSERT INTO ITEM VALUES('000000MS34360050', 'Windows Small Business Server 2003 Tran', '0000000MS3', 57120, '0');
INSERT INTO ITEM VALUES('000000MS34360060', 'Windows Small Business Server 2003 Tran', '0000000MS3', 57120, '0');
INSERT INTO ITEM VALUES('000000MS34360110', 'Windows Small Business Server 2003+5CAL', '0000000MS3', 164220, '0');
INSERT INTO ITEM VALUES('000000MS34360120', 'Windows Small Business Server Premium 2', '0000000MS3', 365930, '0');
INSERT INTO ITEM VALUES('000000MS34360130', 'Windows Small Business Server 2003 Tran', '0000000MS3', 14280, '0');
INSERT INTO ITEM VALUES('000000MS34360140', 'Windows Small Business Server 2003 Tran', '0000000MS3', 14280, '0');
INSERT INTO ITEM VALUES('000000MS34360150', 'Windows Small Business Server 2003 Tran', '0000000MS3', 57120, '0');
INSERT INTO ITEM VALUES('000000MS34360160', 'Windows Small Business Server 2003 Tran', '0000000MS3', 57120, '0');
INSERT INTO ITEM VALUES('000000MS34361010', 'Windows Small Business Server 2003 SP1+5', '0000000MS3', 165780, '0');
INSERT INTO ITEM VALUES('000000MS34361020', 'Windows Small Business Server Premium 20', '0000000MS3', 386750, '0');
INSERT INTO ITEM VALUES('000000MS34361110', 'Windows Small Business Server 2003 SP1+5', '0000000MS3', 165780, '0');
INSERT INTO ITEM VALUES('000000MS34361120', 'Windows Small Business Server Premium 20', '0000000MS3', 386750, '0');
INSERT INTO ITEM VALUES('000000MS3D992010', 'SA33 Office Pro XP(ML) Disk Kit', '0000000MS3', 600, '0');
INSERT INTO ITEM VALUES('000000MS3D992020', 'SA33 Office Pro XP(J) Disk Kit', '0000000MS3', 600, '0');
INSERT INTO ITEM VALUES('000000MS3D992310', 'SA33 Office Mac 10.0(E) Disk Kit', '0000000MS3', 600, '0');
INSERT INTO ITEM VALUES('000000MS3D992320', 'SA33 Office Mac 10.0(J) Disk Kit', '0000000MS3', 600, '0');
INSERT INTO ITEM VALUES('000000MS3D992330', 'SA33 Office Mac 2001(E) Disk Kit', '0000000MS3', 600, '0');
INSERT INTO ITEM VALUES('000000MS3D992340', 'SA33 Office Mac 2001(J) Disk Kit', '0000000MS3', 600, '0');
INSERT INTO ITEM VALUES('000000MS3D992350', 'SA33 Office Mac Pro 10.0(E) Disk Kit', '0000000MS3', 600, '0');
INSERT INTO ITEM VALUES('000000MS3D992360', 'SA33 Office Pro 2003(E) Disk Kit', '0000000MS3', 600, '0');
INSERT INTO ITEM VALUES('000000MS3D992370', 'SA33 Office Pro 2003(ML) Disk Kit', '0000000MS3', 600, '0');
INSERT INTO ITEM VALUES('000000MS3D992380', 'SA33 Office Mac 2004(E) Disk Kit', '0000000MS3', 600, '0');
INSERT INTO ITEM VALUES('000000MS3D992390', 'SA33 Office Mac 2004(J) Disk Kit', '0000000MS3', 600, '0');
INSERT INTO ITEM VALUES('000000MS3D992400', 'SA33 Office Pro 2003(J) Disk Kit', '0000000MS3', 600, '0');
INSERT INTO ITEM VALUES('000000MS3D992410', 'SA33 Office Pro XP(E) Disk Kit', '0000000MS3', 600, '0');
INSERT INTO ITEM VALUES('000000LJ11006310', 'SuperOffice 2001 標準価格版', '0000000LJ1', 18000, '0');
INSERT INTO ITEM VALUES('000000LJ11006311', 'SmartSuite Millennium Ed 9.8', '0000000LJ1', 24264, '0');
INSERT INTO ITEM VALUES('000000LJ11006330', 'SuperOffice 2001 VERUP/優待/アカデミック/乗換(マニュ', '0000000LJ1', 7056, '0');
INSERT INTO ITEM VALUES('000000LJ1DD00003', 'スーパーオフィス 2001 ドックパック', '0000000LJ1', 17200, '0');
INSERT INTO ITEM VALUES('000000LJ1MM00001', 'スーパーオフィス 2001 メディアパック', '0000000LJ1', 10725, '0');
INSERT INTO ITEM VALUES('000000LJ1MM00002', 'SMARTSUITE MILLENNIUM 9.8E メディアパック', '0000000LJ1', 10725, '0');
INSERT INTO ITEM VALUES('000000LJ1MM00003', 'SMARTSUITE MILLENNIUM 9.8.1E メディアパック', '0000000LJ1', 10725, '0');
